"num","id","name"
1,8A043204010110D4,整流模块1电流
2,8A04320401012002,工作状态
3,8A043204010121B1,模块状态
4,8A04320401013003,整流模块1远程开控制
5,8A04320401013004,整流模块1远程关控制
6,8A043204010210D4,整流模块2电流
7,8A04320401022002,工作状态
8,8A043204010221B1,模块状态
9,8A04320401023003,整流模块2远程开控制
10,8A04320401023004,整流模块2远程关控制
11,8A043204010310D4,整流模块3电流
12,8A04320401032002,工作状态
13,8A043204010321B1,模块状态
14,8A04320401033003,整流模块3远程开控制
15,8A04320401033004,整流模块3远程关控制
16,8A043204010410D4,整流模块4电流
17,8A04320401042002,工作状态
18,8A043204010421B1,模块状态
19,8A04320401043003,整流模块4远程开控制
20,8A04320401043004,整流模块4远程关控制
21,8A043204010510D4,整流模块5电流
22,8A04320401052002,工作状态
23,8A043204010521B1,模块状态
24,8A04320401053003,整流模块5远程开控制
25,8A04320401053004,整流模块5远程关控制
26,8A043204010610D4,整流模块6电流
27,8A04320401062002,工作状态
28,8A043204010621B1,模块状态
29,8A04320401063003,整流模块6远程开控制
30,8A04320401063004,整流模块6远程关控制
31,8A04320401FF1016,交流输入相电压Ub
32,8A04320401FF1033,直流电压
33,8A04320401FF1034,直流输出电流
34,8A04320401FF1037,均充电压设定值
35,8A04320401FF1038,浮充电压设定值
36,8A04320401FF103B,负载总电流
37,8A04320401FF103D,DC转换电压
38,8A04320401FF103E,DC转换电流
39,8A04320401FF1060,环境信号(温度_开关电源内)
40,8A04320401FF1080,蓄电池充放电电流
41,8A04320401FF1081,蓄电池组容量
42,8A04320401FF1090,蓄电池组1温度
43,8A04320401FF1091,蓄电池组2温度
44,8A04320401FF2006,整流器工作状态
45,8A04320401FF20F6,台达MCS3000系统告警I
46,8A04320401FF20F7,台达MCS3000系统告警II
47,8A04320401FF20F8,台达MCS3000系统告警III
48,8A04320401FF300A,均充控制
49,8A04320401FF300B,浮充控制
50,8A04320401FF3083,均充电压设定值
51,8A04320401FF3084,浮充电压设定值
52,41203204010110D3,模块电压
53,41203204010110D4,整流模块01电流
54,4120320401012002,工作状态
55,4120320401012022,模块均浮充状态
56,4120320401012024,模块电流状态
57,4120320401012090,整流模块故障告警
58,4120320401013003,启动（运行）
59,4120320401013004,停止（关闭）
60,41203204010210D3,模块电压
61,41203204010210D4,整流模块02电流
62,4120320401022002,工作状态
63,4120320401022022,模块均浮充状态
64,4120320401022024,模块电流状态
65,4120320401022090,整流模块故障告警
66,4120320401023003,启动（运行）
67,4120320401023004,停止（关闭）
68,41203204010310D3,模块电压
69,41203204010310D4,整流模块03电流
70,4120320401032002,工作状态
71,4120320401032022,模块均浮充状态
72,4120320401032024,模块电流状态
73,4120320401032090,整流模块故障告警
74,4120320401033003,启动（运行）
75,4120320401033004,停止（关闭）
76,41203204010410D3,模块电压
77,41203204010410D4,整流模块04电流
78,4120320401042002,工作状态
79,4120320401042022,模块均浮充状态
80,4120320401042024,模块电流状态
81,4120320401042090,整流模块故障告警
82,4120320401043003,启动（运行）
83,4120320401043004,停止（关闭）
84,41203204010510D3,模块电压
85,41203204010510D4,整流模块05电流
86,4120320401052002,工作状态
87,4120320401052022,模块均浮充状态
88,4120320401052024,模块电流状态
89,4120320401052090,整流模块故障告警
90,4120320401053003,启动（运行）
91,4120320401053004,停止（关闭）
92,41203204010610D3,模块电压
93,41203204010610D4,整流模块06电流
94,4120320401062002,工作状态
95,4120320401062022,模块均浮充状态
96,4120320401062024,模块电流状态
97,4120320401062090,整流模块故障告警
98,4120320401063003,启动（运行）
99,4120320401063004,停止（关闭）
100,41203204010710D3,模块电压
101,41203204010710D4,整流模块07电流
102,4120320401072002,工作状态
103,4120320401072022,模块均浮充状态
104,4120320401072024,模块电流状态
105,4120320401072090,整流模块故障告警
106,4120320401073003,启动（运行）
107,4120320401073004,停止（关闭）
108,41203204010810D3,模块电压
109,41203204010810D4,整流模块08电流
110,4120320401082002,工作状态
111,4120320401082022,模块均浮充状态
112,4120320401082024,模块电流状态
113,4120320401082090,整流模块故障告警
114,4120320401083003,启动（运行）
115,4120320401083004,停止（关闭）
116,41203204010910D3,模块电压
117,41203204010910D4,整流模块09电流
118,4120320401092002,工作状态
119,4120320401092022,模块均浮充状态
120,4120320401092024,模块电流状态
121,4120320401092090,整流模块故障告警
122,4120320401093003,启动（运行）
123,4120320401093004,停止（关闭）
124,41203204010A10D3,模块电压
125,41203204010A10D4,整流模块10电流
126,41203204010A2002,工作状态
127,41203204010A2022,模块均浮充状态
128,41203204010A2024,模块电流状态
129,41203204010A2090,整流模块故障告警
130,41203204010A3003,启动（运行）
131,41203204010A3004,停止（关闭）
132,4120320401FF1001,交流输入相电压Ua
133,4120320401FF1002,交流输入相电压Ub
134,4120320401FF1003,交流输入相电压Uc
135,4120320401FF1007,交流输入相电流Ia
136,4120320401FF1008,交流输入相电流Ib
137,4120320401FF1009,交流输入相电流Ic
138,4120320401FF1033,直流电压
139,4120320401FF1037,均充电压设定值
140,4120320401FF1038,浮充电压设定值
141,4120320401FF103B,负载总电流
142,4120320401FF1040,交流输入频率
143,4120320401FF1060,温度
144,4120320401FF1085,电池温度
145,4120320401FF1088,电池1电流
146,4120320401FF1089,电池2电流
147,4120320401FF11D3,电池1容量百分比
148,4120320401FF11D4,电池2容量百分比
149,4120320401FF2048,均充方式
150,4120320401FF20D1,交流屏运行状态
151,4120320401FF20D2,直流屏运行状态
152,4120320401FF212F,电池LVDS状态
153,4120320401FF2130,负载LVDS状态
154,4120320401FF300A,均充控制
155,4120320401FF300B,浮充控制
156,4120320401FF3043,自动均充
157,4120320401FF3044,手动均充
158,4120320401FF3083,均充电压设定值
159,4120320401FF3084,温度补偿参考温度设定值
160,443861FF01FF1060,环境信号 (温度_1F综合机房)
161,443861FF01FF1061,环境信号 (湿度_1F综合机房)
162,443861FF01FF209C,环境信号 (烟感_油机房顶)
163,443861FF01FF209D,门磁告警
164,A10A430406011004,UPS输入线电压Uab
165,A10A430406011005,UPS输入线电压Ubc
166,A10A430406011006,UPS输入线电压Uca
167,A10A430406011007,UPS输入相电流Ia
168,A10A430406011008,UPS输入相电流Ib
169,A10A430406011009,UPS输入相电流Ic
170,A10A430406011040,UPS输入频率
171,A10A430406021004,UPS输入线电压Uab
172,A10A430406021005,UPS输入线电压Ubc
173,A10A430406021006,UPS输入线电压Uca
174,A10A430406021007,UPS输入相电流Ia
175,A10A430406021008,UPS输入相电流Ib
176,A10A430406021009,UPS输入相电流Ic
177,A10A430406021040,UPS输入频率
178,A10A430406FF100A,UPS输出相电压Ua
179,A10A430406FF100B,UPS输出相电压Ub
180,A10A430406FF100C,UPS输出相电压Uc
181,A10A430406FF100D,UPS输出线电压Uab
182,A10A430406FF100E,UPS输出线电压Ubc
183,A10A430406FF100F,UPS输出线电压Uca
184,A10A430406FF1010,UPS输出相电流Ia
185,A10A430406FF1011,UPS输出相电流Ib
186,A10A430406FF1012,UPS输出相电流Ic
187,A10A430406FF1041,UPS输出频率
188,A10A430406FF1044,UPS输出功率因数PF
189,A10A430406FF1045,有功功率
190,A10A430406FF1047,视在功率
191,A10A430406FF1080,蓄电池电流
192,A10A430406FF1092,UPS蓄电池组电压
193,A10A430406FF1097,A相视在功率
194,A10A430406FF1098,B相视在功率
195,A10A430406FF1099,C相视在功率
196,A10A430406FF10E6,逆变器输出A相电流
197,A10A430406FF10E7,逆变器输出B相电流
198,A10A430406FF10E8,逆变器输出C相电流
199,A10A430406FF110C,A相输出有功功率
200,A10A430406FF110D,B相输出有功功率
201,A10A430406FF110E,C相输出有功功率
202,A10A430406FF1112,功率复核因数
203,A10A430406FF1114,逆变频率
204,A10A430406FF1117,蓄电池可持续时间
205,A10A430406FF1118,逆变器A相电压
206,A10A430406FF1119,逆变器B相电压
207,A10A430406FF111A,逆变器C相电压
208,A10A430406FF1164,逆变器AB相电压
209,A10A430406FF1165,逆变器BC相电压
210,A10A430406FF1166,逆变器CA相电压
211,A10A430406FF1167,A相电流峰值因数
212,A10A430406FF1168,B相电流峰值因数
213,A10A430406FF1169,C相电流峰值因数
214,A10A430406FF2006,整流器状态
215,A10A430406FF2008,旁路开关状态
216,A10A430406FF200F,电池充电
217,A10A430406FF2101,负载保护
218,A10A430406FF2102,ups耦合
219,A10A430406FF2103,静态开关状态
220,A10A430406FF2104,ups在线状态
221,A10A430406FF2105,Ups节能
222,A10A430406FF2106,单一/并联状态
223,A10A430406FF2107,电池断路器状态
224,A10A430406FF2108,进线1开关状态
225,A10A430406FF2109,进线2开关状态
226,A10A430406FF210A,输出开关状态
227,A10A430406FF21CD,UPS 状态
228,A90211FF04FF1001,A相电压Ua
229,A90211FF04FF1002,B相电压Ub
230,A90211FF04FF1003,C相电压Uc
231,A90211FF04FF1007,A相电流Ia
232,A90211FF04FF1008,B相电流Ib
233,A90211FF04FF1009,C相电流Ic
234,A90211FF04FF102A,A相有功功率Pa
235,A90211FF04FF102B,B相有功功率Pb
236,A90211FF04FF102C,C相有功功率Pc
237,A90211FF04FF1040,频率F
238,A90211FF04FF1044,功率因数PF
239,A90211FF04FF1045,有功功率
240,A90211FF04FF1046,无功功率
241,A90211FF04FF1048,有功电度
242,A90211FF04FF107E,负向有功电能
243,A90211FF04FF1094,A相无功功率Qa
244,A90211FF04FF1095,B相无功功率Qb
245,A90211FF04FF1096,C相无功功率Qc
246,A90211FF04FF112A,正向有功电能
247,A90211FF04FF1314,感性无功电度
248,A90211FF04FF1315,容性无功电度
249,A90211FF05FF1001,A相电压Ua
250,A90211FF05FF1002,B相电压Ub
251,A90211FF05FF1003,C相电压Uc
252,A90211FF05FF1007,A相电流Ia
253,A90211FF05FF1008,B相电流Ib
254,A90211FF05FF1009,C相电流Ic
255,A90211FF05FF102A,A相有功功率Pa
256,A90211FF05FF102B,B相有功功率Pb
257,A90211FF05FF102C,C相有功功率Pc
258,A90211FF05FF1040,频率F
259,A90211FF05FF1044,功率因数PF
260,A90211FF05FF1045,有功功率
261,A90211FF05FF1046,无功功率
262,A90211FF05FF1048,有功电度
263,A90211FF05FF107E,负向有功电能
264,A90211FF05FF1094,A相无功功率Qa
265,A90211FF05FF1095,B相无功功率Qb
266,A90211FF05FF1096,C相无功功率Qc
267,A90211FF05FF112A,正向有功电能
268,A90211FF05FF1314,感性无功电度
269,A90211FF05FF1315,容性无功电度
270,A902613001FF20A0,环境信号(1#红外_1F门卫室)
271,A90261FF06011060,环境信号(1#温度_3F综合机房)
272,A90261FF0601209F,"环境信号(1#水浸_3F综合机房空调1,2)"
273,A90261FF06021060,环境信号(2#温度_3F综合机房)
274,A90261FF0602209F,"环境信号(2#水浸_3F综合机房空调3,4)"
275,A90261FF06FF209C,环境信号(1#烟感_3F综合机房)
276,940143FF01FF1001,A相交流输入电压
277,940143FF01FF1002,B相交流输入电压
278,940143FF01FF1003,C相交流输入电压
279,940143FF01FF100A,A相交流输出电压
280,940143FF01FF100B,B相交流输出电压
281,940143FF01FF100C,C相交流输出电压
282,940143FF01FF1010,A相交流输出电流
283,940143FF01FF1011,B相交流输出电流
284,940143FF01FF1012,C相交流输出电流
285,940143FF01FF101E,充电电压1
286,940143FF01FF101F,充电电压2
287,940143FF01FF1020,负载大小
288,940143FF01FF103F,旁路电压
289,940143FF01FF1040,输入频率
290,940143FF01FF1041,输出频率
291,940143FF01FF107B,机内温度
292,940143FF01FF1081,蓄电池组容量
293,940143FF01FF2051,供电方式
294,940143FF01FF2052,电池自检状态
295,940143FF01FF2053,均充浮充(正组)状态
296,940143FF01FF2054,均充浮充(负组)状态
297,940143FF01FF2055,UPS开关机状态
298,940143FF01FF2056,UPS供电状态
299,940143FF01FF208C,市电故障告警
300,940143FF01FF2090,整流模块故障告警
301,940143FF01FF2092,逆变器故障告警
302,940143FF01FF2093,旁路故障告警
303,940143FF01FF2094,UPS不同步告警
304,940143FF01FF20FC,UPS蓄电池电压告警
305,940143FF01FF20FD,充电器故障
306,940143FF01FF20FE,散热器过热告警
307,940143FF01FF20FF,UPS系统告警
308,610761FF05011060,环境信号(1#温度_2F程控室东墙)
309,610761FF05011061,环境信号(1#湿度_2F程控室东墙)
310,610761FF0501209F,环境信号(1#水浸_程控室1#佳力图空调)
311,610761FF05021060,环境信号(2#温度_2F程控室西墙)
312,610761FF05021061,环境信号(2#湿度_2F程控室西墙)
313,610761FF0502209F,环境信号(1#水浸_程控室2#3#佳力图空调)
314,610761FF05031060,环境信号(3#温度_2F程控室南墙)
315,610761FF05031061,环境信号(3#湿度_2F程控室南墙)
316,610E11FF03FF1001,A相电压Ua
317,610E11FF03FF1002,B相电压Ub
318,610E11FF03FF1003,C相电压Uc
319,610E11FF03FF1007,A相电流Ia
320,610E11FF03FF1008,B相电流Ib
321,610E11FF03FF1009,C相电流Ic
322,610E11FF03FF102A,A相有功功率Pa
323,610E11FF03FF102B,B相有功功率Pb
324,610E11FF03FF102C,C相有功功率Pc
325,610E11FF03FF1040,频率F
326,610E11FF03FF1044,功率因数PF
327,610E11FF03FF1045,有功功率
328,610E11FF03FF1046,无功功率
329,610E11FF03FF1047,视在功率
330,610E11FF03FF1048,有功电度
331,610E11FF03FF1049,无功电度
332,610E11FF03FF1060,温度
333,610E11FF03FF107E,负向有功电能
334,610E11FF03FF1094,A相无功功率Qa
335,610E11FF03FF1095,B相无功功率Qb
336,610E11FF03FF1096,C相无功功率Qc
337,610E11FF03FF1097,A相视在功率
338,610E11FF03FF1098,B相视在功率
339,610E11FF03FF1099,C相视在功率
340,610E11FF03FF10DB,N相电流
341,610E11FF03FF10FF,A相功率因数
342,610E11FF03FF112A,正向有功电能
343,610E11FF03FF1139,B相功率因数
344,610E11FF03FF1151,C相功率因数
345,610E11FF03FF12A4,无功电度2
346,61E334FF0F011083,电池1电压
347,61E334FF0F021083,电池2电压
348,61E334FF0F031083,电池3电压
349,61E334FF0F041083,电池4电压
350,61E334FF0F051083,电池5电压
351,61E334FF0F061083,电池6电压
352,61E334FF0F071083,电池7电压
353,61E334FF0F081083,电池8电压
354,61E334FF0F091083,电池9电压
355,61E334FF0F0A1083,电池10电压
356,61E334FF0F0B1083,电池11电压
357,61E334FF0F0C1083,电池12电压
358,61E334FF0F0D1083,电池13电压
359,61E334FF0F0E1083,电池14电压
360,61E334FF0F0F1083,电池15电压
361,61E334FF0F101083,电池16电压
362,61E334FF0F111083,电池17电压
363,61E334FF0F121083,电池18电压
364,61E334FF0F131083,电池19电压
365,61E334FF0F141083,电池20电压
366,61E334FF0F151083,电池21电压
367,61E334FF0F161083,电池22电压
368,61E334FF0F171083,电池23电压
369,61E334FF0F181083,电池24电压
370,61E334FF0F191083,电池25电压
371,61E334FF0F1A1083,电池26电压
372,61E334FF0F1B1083,电池27电压
373,61E334FF0F1C1083,电池28电压
374,61E334FF0F1D1083,电池29电压
375,61E334FF0F1E1083,电池30电压
376,61E334FF0F1F1083,电池31电压
377,61E334FF0F201083,电池32电压
378,61E334FF0F211083,电池33电压
379,61E334FF0F221083,电池34电压
380,61E334FF0F231083,电池35电压
381,61E334FF0F241083,电池36电压
382,61E334FF0F251083,电池37电压
383,61E334FF0F261083,电池38电压
384,61E334FF0F271083,电池39电压
385,61E334FF0F281083,电池40电压
386,61E334FF0F291083,电池41电压
387,61E334FF0F2A1083,电池42电压
388,61E334FF0F2B1083,电池43电压
389,61E334FF0F2C1083,电池44电压
390,61E334FF0F2D1083,电池45电压
391,61E334FF0F2E1083,电池46电压
392,61E334FF0F2F1083,电池47电压
393,61E334FF0F301083,电池48电压
394,61E334FF0F311083,电池49电压
395,61E334FF0F321083,电池50电压
396,61E334FF0F331083,电池51电压
397,61E334FF0F341083,电池52电压
398,61E334FF0F351083,电池53电压
399,61E334FF0F361083,电池54电压
400,61E334FF0F371083,电池55电压
401,61E334FF0F381083,电池56电压
402,61E334FF0F391083,电池57电压
403,61E334FF0F3A1083,电池58电压
404,61E334FF0F3B1083,电池59电压
405,61E334FF0F3C1083,电池60电压
406,61E334FF0F3D1083,电池61电压
407,61E334FF0F3E1083,电池62电压
408,61E334FF0F3F1083,电池63电压
409,61E334FF0F401083,电池64电压
410,61E334FF0F411083,电池65电压
411,61E334FF0F421083,电池66电压
412,61E334FF0F431083,电池67电压
413,61E334FF0F441083,电池68电压
414,61E334FF0F451083,电池69电压
415,61E334FF0F461083,电池70电压
416,61E334FF0F471083,电池71电压
417,61E334FF0F481083,电池72电压
418,61E334FF0F491083,电池73电压
419,61E334FF0F4A1083,电池74电压
420,61E334FF0F4B1083,电池75电压
421,61E334FF0F4C1083,电池76电压
422,61E334FF0F4D1083,电池77电压
423,61E334FF0F4E1083,电池78电压
424,61E334FF0F4F1083,电池79电压
425,61E334FF0F501083,电池80电压
426,61E334FF0F511083,电池81电压
427,61E334FF0F521083,电池82电压
428,61E334FF0F531083,电池83电压
429,61E334FF0F541083,电池84电压
430,61E334FF0F551083,电池85电压
431,61E334FF0F561083,电池86电压
432,61E334FF0F571083,电池87电压
433,61E334FF0F581083,电池88电压
434,61E334FF0F591083,电池89电压
435,61E334FF0F5A1083,电池90电压
436,61E334FF0F5B1083,电池91电压
437,61E334FF0F5C1083,电池92电压
438,61E334FF0F5D1083,电池93电压
439,61E334FF0F5E1083,电池94电压
440,61E334FF0F5F1083,电池95电压
441,61E334FF0F601083,电池96电压
442,61E334FF0F611083,电池97电压
443,61E334FF0F621083,电池98电压
444,61E334FF0F631083,电池99电压
445,61E334FF0F641083,电池100电压
446,61E334FF0F651083,电池101电压
447,61E334FF0F661083,电池102电压
448,61E334FF0F671083,电池103电压
449,61E334FF0F681083,电池104电压
450,61E334FF0F691083,电池105电压
451,61E334FF0F6A1083,电池106电压
452,61E334FF0F6B1083,电池107电压
453,61E334FF0F6C1083,电池108电压
454,61E334FF0F6D1083,电池109电压
455,61E334FF0F6E1083,电池110电压
456,61E334FF0F6F1083,电池111电压
457,61E334FF0F701083,电池112电压
458,61E334FF0F711083,电池113电压
459,61E334FF0F721083,电池114电压
460,61E334FF0F731083,电池115电压
461,61E334FF0F741083,电池116电压
462,61E334FF0F751083,电池117电压
463,61E334FF0F761083,电池118电压
464,61E334FF0F771083,电池119电压
465,61E334FF0F781083,电池120电压
466,61E334FF0F791083,电池121电压
467,61E334FF0F7A1083,电池122电压
468,61E334FF0F7B1083,电池123电压
469,61E334FF0F7C1083,电池124电压
470,61E334FF0F7D1083,电池125电压
471,61E334FF0F7E1083,电池126电压
472,61E334FF0F7F1083,电池127电压
473,61E334FF0F801083,电池128电压
474,61E334FF0F811083,电池129电压
475,61E334FF0F821083,电池130电压
476,61E334FF0F831083,电池131电压
477,61E334FF0F841083,电池132电压
478,61E334FF0F851083,电池133电压
479,61E334FF0F861083,电池134电压
480,61E334FF0F871083,电池135电压
481,61E334FF0F881083,电池136电压
482,61E334FF0F891083,电池137电压
483,61E334FF0F8A1083,电池138电压
484,61E334FF0F8B1083,电池139电压
485,61E334FF0F8C1083,电池140电压
486,61E334FF0F8D1083,电池141电压
487,61E334FF0F8E1083,电池142电压
488,61E334FF0F8F1083,电池143电压
489,61E334FF0F901083,电池144电压
490,61E334FF0F911083,电池145电压
491,61E334FF0F921083,电池146电压
492,61E334FF0F931083,电池147电压
493,61E334FF0F941083,电池148电压
494,61E334FF0F951083,电池149电压
495,61E334FF0F961083,电池150电压
496,61E334FF0F971083,电池151电压
497,61E334FF0F981083,电池152电压
498,61E334FF0F991083,电池153电压
499,61E334FF0F9A1083,电池154电压
500,61E334FF0F9B1083,电池155电压
501,61E334FF0F9C1083,电池156电压
502,61E334FF0F9D1083,电池157电压
503,61E334FF0F9E1083,电池158电压
504,61E334FF0F9F1083,电池159电压
505,61E334FF0FA01083,电池160电压
506,61E334FF0FA11083,电池161电压
507,61E334FF0FA21083,电池162电压
508,61E334FF0FA31083,电池163电压
509,61E334FF0FA41083,电池164电压
510,61E334FF0FA51083,电池165电压
511,61E334FF0FA61083,电池166电压
512,61E334FF0FA71083,电池167电压
513,61E334FF0FA81083,电池168电压
514,61E334FF0FA91083,电池169电压
515,61E334FF0FAA1083,电池170电压
516,61E334FF0FAB1083,电池171电压
517,61E334FF0FAC1083,电池172电压
518,61E334FF0FAD1083,电池173电压
519,61E334FF0FAE1083,电池174电压
520,61E334FF0FAF1083,电池175电压
521,61E334FF0FB01083,电池176电压
522,61E334FF0FB11083,电池177电压
523,61E334FF0FB21083,电池178电压
524,61E334FF0FB31083,电池179电压
525,61E334FF0FB41083,电池180电压
526,61E334FF0FB51083,电池181电压
527,61E334FF0FB61083,电池182电压
528,61E334FF0FB71083,电池183电压
529,61E334FF0FB81083,电池184电压
530,61E334FF0FB91083,电池185电压
531,61E334FF0FBA1083,电池186电压
532,61E334FF0FBB1083,电池187电压
533,61E334FF0FBC1083,电池188电压
534,61E334FF0FBD1083,电池189电压
535,61E334FF0FBE1083,电池190电压
536,61E334FF0FBF1083,电池191电压
537,61E334FF0FC01083,电池192电压
538,61E334FF0FFF1082,总电压
539,710234F106011083,电池1电压
540,710234F106021083,电池2电压
541,710234F106031083,电池3电压
542,710234F106041083,电池4电压
543,710234F106051083,电池5电压
544,710234F106061083,电池6电压
545,710234F106071083,电池7电压
546,710234F106081083,电池8电压
547,710234F106091083,电池9电压
548,710234F1060A1083,电池10电压
549,710234F1060B1083,电池11电压
550,710234F1060C1083,电池12电压
551,710234F1060D1083,电池13电压
552,710234F1060E1083,电池14电压
553,710234F1060F1083,电池15电压
554,710234F106101083,电池16电压
555,710234F106111083,电池17电压
556,710234F106121083,电池18电压
557,710234F106131083,电池19电压
558,710234F106141083,电池20电压
559,710234F106151083,电池21电压
560,710234F106161083,电池22电压
561,710234F106171083,电池23电压
562,710234F106181083,电池24电压
563,710234F106191083,电池25电压
564,710234F1061A1083,电池26电压
565,710234F1061B1083,电池27电压
566,710234F1061C1083,电池28电压
567,710234F1061D1083,电池29电压
568,710234F1061E1083,电池30电压
569,710234F1061F1083,电池31电压
570,710234F106201083,电池32电压
571,710234F106211083,电池33电压
572,710234F106221083,电池34电压
573,710234F106231083,电池35电压
574,710234F106241083,电池36电压
575,710234F106251083,电池37电压
576,710234F106261083,电池38电压
577,710234F106271083,电池39电压
578,710234F106281083,电池40电压
579,710234F106291083,电池41电压
580,710234F1062A1083,电池42电压
581,710234F1062B1083,电池43电压
582,710234F1062C1083,电池44电压
583,710234F1062D1083,电池45电压
584,710234F1062E1083,电池46电压
585,710234F1062F1083,电池47电压
586,710234F106301083,电池48电压
587,710234F106311083,电池49电压
588,710234F106321083,电池50电压
589,710234F106331083,电池51电压
590,710234F106341083,电池52电压
591,710234F106351083,电池53电压
592,710234F106361083,电池54电压
593,710234F106371083,电池55电压
594,710234F106381083,电池56电压
595,710234F106391083,电池57电压
596,710234F1063A1083,电池58电压
597,710234F1063B1083,电池59电压
598,710234F1063C1083,电池60电压
599,710234F1063D1083,电池61电压
600,710234F1063E1083,电池62电压
601,710234F1063F1083,电池63电压
602,710234F106401083,电池64电压
603,710234F106411083,电池65电压
604,710234F106421083,电池66电压
605,710234F106431083,电池67电压
606,710234F106441083,电池68电压
607,710234F106451083,电池69电压
608,710234F106461083,电池70电压
609,710234F106471083,电池71电压
610,710234F106481083,电池72电压
611,710234F106491083,电池73电压
612,710234F1064A1083,电池74电压
613,710234F1064B1083,电池75电压
614,710234F1064C1083,电池76电压
615,710234F1064D1083,电池77电压
616,710234F1064E1083,电池78电压
617,710234F1064F1083,电池79电压
618,710234F106501083,电池80电压
619,710234F106511083,电池81电压
620,710234F106521083,电池82电压
621,710234F106531083,电池83电压
622,710234F106541083,电池84电压
623,710234F106551083,电池85电压
624,710234F106561083,电池86电压
625,710234F106571083,电池87电压
626,710234F106581083,电池88电压
627,710234F106591083,电池89电压
628,710234F1065A1083,电池90电压
629,710234F1065B1083,电池91电压
630,710234F1065C1083,电池92电压
631,710234F1065D1083,电池93电压
632,710234F1065E1083,电池94电压
633,710234F1065F1083,电池95电压
634,710234F106601083,电池96电压
635,710234F106611083,电池97电压
636,710234F106621083,电池98电压
637,710234F106631083,电池99电压
638,710234F106641083,电池100电压
639,710234F106651083,电池101电压
640,710234F106661083,电池102电压
641,710234F106671083,电池103电压
642,710234F106681083,电池104电压
643,710234F106691083,电池105电压
644,710234F1066A1083,电池106电压
645,710234F1066B1083,电池107电压
646,710234F1066C1083,电池108电压
647,710234F1066D1083,电池109电压
648,710234F1066E1083,电池110电压
649,710234F1066F1083,电池111电压
650,710234F106701083,电池112电压
651,710234F106711083,电池113电压
652,710234F106721083,电池114电压
653,710234F106731083,电池115电压
654,710234F106741083,电池116电压
655,710234F106751083,电池117电压
656,710234F106761083,电池118电压
657,710234F106771083,电池119电压
658,710234F106781083,电池120电压
659,710234F106791083,电池121电压
660,710234F1067A1083,电池122电压
661,710234F1067B1083,电池123电压
662,710234F1067C1083,电池124电压
663,710234F1067D1083,电池125电压
664,710234F1067E1083,电池126电压
665,710234F1067F1083,电池127电压
666,710234F106801083,电池128电压
667,710234F106811083,电池129电压
668,710234F106821083,电池130电压
669,710234F106831083,电池131电压
670,710234F106841083,电池132电压
671,710234F106851083,电池133电压
672,710234F106861083,电池134电压
673,710234F106871083,电池135电压
674,710234F106881083,电池136电压
675,710234F106891083,电池137电压
676,710234F1068A1083,电池138电压
677,710234F1068B1083,电池139电压
678,710234F1068C1083,电池140电压
679,710234F1068D1083,电池141电压
680,710234F1068E1083,电池142电压
681,710234F1068F1083,电池143电压
682,710234F106901083,电池144电压
683,710234F106911083,电池145电压
684,710234F106921083,电池146电压
685,710234F106931083,电池147电压
686,710234F106941083,电池148电压
687,710234F106951083,电池149电压
688,710234F106961083,电池150电压
689,710234F106971083,电池151电压
690,710234F106981083,电池152电压
691,710234F106991083,电池153电压
692,710234F1069A1083,电池154电压
693,710234F1069B1083,电池155电压
694,710234F1069C1083,电池156电压
695,710234F1069D1083,电池157电压
696,710234F1069E1083,电池158电压
697,710234F1069F1083,电池159电压
698,710234F106A01083,电池160电压
699,710234F106A11083,电池161电压
700,710234F106A21083,电池162电压
701,710234F106A31083,电池163电压
702,710234F106A41083,电池164电压
703,710234F106A51083,电池165电压
704,710234F106A61083,电池166电压
705,710234F106A71083,电池167电压
706,710234F106A81083,电池168电压
707,710234F106A91083,电池169电压
708,710234F106AA1083,电池170电压
709,710234F106AB1083,电池171电压
710,710234F106AC1083,电池172电压
711,710234F106AD1083,电池173电压
712,710234F106AE1083,电池174电压
713,710234F106AF1083,电池175电压
714,710234F106B01083,电池176电压
715,710234F106B11083,电池177电压
716,710234F106B21083,电池178电压
717,710234F106B31083,电池179电压
718,710234F106B41083,电池180电压
719,710234F106B51083,电池181电压
720,710234F106B61083,电池182电压
721,710234F106B71083,电池183电压
722,710234F106B81083,电池184电压
723,710234F106B91083,电池185电压
724,710234F106BA1083,电池186电压
725,710234F106BB1083,电池187电压
726,710234F106BC1083,电池188电压
727,710234F106BD1083,电池189电压
728,710234F106BE1083,电池190电压
729,710234F106BF1083,电池191电压
730,710234F106C01083,电池192电压
731,710234F106FF1082,总电压
732,7206320B010110D3,模块电压
733,7206320B010110D4,整流模块1电流
734,7206320B01012002,工作状态
735,7206320B01012022,模块均浮充状态
736,7206320B01012024,模块电流状态
737,7206320B0101204F,模块检测状态
738,7206320B01012090,整流模块故障告警
739,7206320B01013003,整流模块1远程开控制
740,7206320B01013004,整流模块1远程关控制
741,7206320B010210D3,模块电压
742,7206320B010210D4,整流模块2电流
743,7206320B01022002,工作状态
744,7206320B01022022,模块均浮充状态
745,7206320B01022024,模块电流状态
746,7206320B0102204F,模块检测状态
747,7206320B01022090,整流模块故障告警
748,7206320B01023003,整流模块2远程开控制
749,7206320B01023004,整流模块2远程关控制
750,7206320B010310D3,模块电压
751,7206320B010310D4,整流模块3电流
752,7206320B01032002,工作状态
753,7206320B01032022,模块均浮充状态
754,7206320B01032024,模块电流状态
755,7206320B0103204F,模块检测状态
756,7206320B01032090,整流模块故障告警
757,7206320B01033003,整流模块3远程开控制
758,7206320B01033004,整流模块3远程关控制
759,7206320B010410D3,模块电压
760,7206320B010410D4,整流模块4电流
761,7206320B01042002,工作状态
762,7206320B01042022,模块均浮充状态
763,7206320B01042024,模块电流状态
764,7206320B0104204F,模块检测状态
765,7206320B01042090,整流模块故障告警
766,7206320B01043003,整流模块4远程开控制
767,7206320B01043004,整流模块4远程关控制
768,7206320B01FF1001,交流输入相电压Ua
769,7206320B01FF1002,交流输入相电压Ub
770,7206320B01FF1003,交流输入相电压Uc
771,7206320B01FF1010,A相交流输出电流
772,7206320B01FF1011,B相交流输出电流
773,7206320B01FF1012,C相交流输出电流
774,7206320B01FF1033,直流电压
775,7206320B01FF1037,均充电压设定值
776,7206320B01FF1038,浮充电压设定值
777,7206320B01FF103B,负载总电流
778,7206320B01FF1040,交流输入频率
779,7206320B01FF1086,电池1电压
780,7206320B01FF1087,电池2电压
781,7206320B01FF1088,电池1电流
782,7206320B01FF1089,电池2电流
783,7206320B01FF1090,蓄电池组1温度
784,7206320B01FF1091,蓄电池组2温度
785,7206320B01FF10BF,电池3电流
786,7206320B01FF10C0,电池4电流
787,7206320B01FF1101,市电停电时间
788,7206320B01FF1102,市电来电时间
789,7206320B01FF1194,电池3电压
790,7206320B01FF1195,蓄电池组3温度
791,7206320B01FF1196,测试电压
792,7206320B01FF11D2,电池4电压
793,7206320B01FF11D3,电池1容量百分比
794,7206320B01FF11D4,电池2容量百分比
795,7206320B01FF11D5,电池3容量百分比
796,7206320B01FF11D6,电池4容量百分比
797,7206320B01FF13D3,蓄电池组4温度
798,7206320B01FF13D4,电池测试持续时间
799,7206320B01FF13D5,电池放电容量
800,7206320B01FF13D6,一次下电电压值
801,7206320B01FF13D7,二次下电电压值
802,7206320B01FF2028,市电工作状态
803,7206320B01FF2062,工作模式
804,7206320B01FF208C,市电故障告警
805,7206320B01FF20D0,市电来电通知
806,7206320B01FF20D1,交流屏运行状态
807,7206320B01FF20D2,直流屏运行状态
808,7206320B01FF214F,均充功能
809,7206320B01FF2150,一次下电控制状态
810,7206320B01FF2151,二次下电控制状态
811,7206320B01FF21BD,测试模式
812,7206320B01FF21E4,交流空开1状态
813,7206320B01FF21E5,交流空开2状态
814,7206320B01FF21E6,交流辅助输出开关状态
815,7206320B01FF21E7,蓄电池充放电状态
816,7206320B01FF300A,均充控制
817,7206320B01FF300B,浮充控制
818,7206320B01FF3012,测试
819,7206320B01FF306E,均充工作允许设定
820,7206320B01FF306F,均充禁止
821,7206320B01FF3083,均充电压设定值
822,7206320B01FF3084,浮充电压设定值
823,7206320B01FF30B7,设置测试电压值
824,7206320B01FF30B8,设置一次下电电压值
825,7206320B01FF30B9,设置二次下电电压值